{"stats":{"minecraft:crafted":{"minecraft:oak_planks":4},"minecraft:used":{"minecraft:golden_helmet":1,"minecraft:oak_planks":4},"minecraft:custom":{"minecraft:open_chest":2,"minecraft:time_since_rest":2242,"minecraft:crouch_one_cm":128,"minecraft:play_time":2242,"minecraft:sprint_one_cm":7287,"minecraft:damage_taken":40,"minecraft:walk_one_cm":1568,"minecraft:sneak_time":26,"minecraft:walk_under_water_one_cm":84,"minecraft:jump":67,"minecraft:leave_game":1,"minecraft:walk_on_water_one_cm":193,"minecraft:time_since_death":2242,"minecraft:total_world_time":2242,"minecraft:swim_one_cm":782,"minecraft:fall_one_cm":2540,"minecraft:fly_one_cm":17564},"minecraft:mined":{"minecraft:grass":8,"minecraft:oak_log":1,"biomesoplenty:barley":71,"minecraft:tall_grass":4,"minecraft:oak_leaves":3},"minecraft:picked_up":{"minecraft:wheat_seeds":7,"minecraft:oak_log":1}},"DataVersion":3465}